/*
Navicat MySQL Data Transfer

Source Server         : jcc
Source Server Version : 50096
Source Host           : localhost:3306
Source Database       : jcc

Target Server Type    : MYSQL
Target Server Version : 50096
File Encoding         : 65001

Date: 2014-10-09 16:17:35
*/

SET FOREIGN_KEY_CHECKS=0;

-- ----------------------------
-- Table structure for `chat`
-- ----------------------------
DROP TABLE IF EXISTS `chat`;
CREATE TABLE `chat` (
`id`  int(11) NOT NULL AUTO_INCREMENT ,
`seid`  int(11) NULL DEFAULT NULL ,
`reid`  int(11) NULL DEFAULT NULL ,
`regtime`  datetime NULL DEFAULT NULL ,
`content`  varchar(3000) CHARACTER SET gbk COLLATE gbk_bin NULL DEFAULT NULL ,
PRIMARY KEY (`id`)
)
ENGINE=InnoDB
DEFAULT CHARACTER SET=gbk COLLATE=gbk_bin
/*!50003 AUTO_INCREMENT=641 */

;

-- ----------------------------
-- Records of chat
-- ----------------------------
BEGIN;
INSERT INTO `chat` VALUES ('510', '73', '70', '2014-09-17 12:10:59', '你好'), ('511', '73', '70', '2014-09-17 13:56:22', '哈'), ('512', '72', '74', '2014-09-17 15:09:29', '哈喽'), ('513', '72', '74', '2014-09-17 15:10:42', '哦了啦咯啦咯了'), ('514', '70', '73', '2014-09-18 10:22:19', '你好'), ('515', '70', '73', '2014-09-18 10:55:35', '你好'), ('516', '81', '76', '2014-09-18 11:23:53', '凯哥？'), ('517', '81', '77', '2014-09-18 11:24:39', '质押10％？'), ('518', '70', '73', '2014-09-18 14:05:52', '你好，'), ('519', '70', '73', '2014-09-18 14:31:36', '你好'), ('520', '70', '73', '2014-09-18 19:37:13', '图图'), ('521', '78', '73', '2014-09-19 10:33:40', '你好，关注一下'), ('522', '78', '71', '2014-09-19 10:58:12', '你好啊'), ('523', '73', '70', '2014-09-19 11:38:07', '你好'), ('524', '70', '73', '2014-09-19 12:50:44', '你好，我刚登陆，发到我这来了'), ('525', '78', '71', '2014-09-19 12:51:22', ''), ('526', '78', '70', '2014-09-19 12:51:37', '？'), ('527', '81', '83', '2014-09-19 14:42:13', '能收到吗？'), ('528', '83', '81', '2014-09-19 14:42:41', '收到了'), ('529', '70', '70', '2014-09-20 14:54:27', '图'), ('530', '81', '70', '2014-09-20 16:03:55', '高哥，得把你资料好好写额'), ('531', '86', '70', '2014-09-21 17:28:26', '你好！'), ('532', '70', '86', '2014-09-21 17:29:49', '你好'), ('533', '86', '70', '2014-09-21 17:31:04', '我刚注册这个聚财村，试试功能，哈哈'), ('534', '86', '73', '2014-09-21 17:31:30', '你好！'), ('535', '86', '73', '2014-09-21 17:31:50', '你甩的那个单子我公司可以做。'), ('536', '86', '70', '2014-09-21 17:32:31', '我公司主做小贷，以后请多关照呀！'), ('537', '87', '86', '2014-09-21 17:53:14', '美女'), ('538', '87', '81', '2014-09-21 17:55:58', '帅哥。进来了我'), ('539', '87', '70', '2014-09-21 18:15:42', '您好'), ('540', '81', '87', '2014-09-21 18:29:06', '好啊'), ('541', '81', '87', '2014-09-21 18:29:09', '清和'), ('542', '81', '87', '2014-09-21 18:29:28', '多提点意见，满足大家需求'), ('543', '86', '87', '2014-09-21 18:41:22', '嗨'), ('544', '70', '87', '2014-09-21 19:38:15', '你好哥们'), ('545', '87', '81', '2014-09-21 19:46:11', '好啊'), ('546', '81', '87', '2014-09-21 19:48:59', '现在感觉哪儿用起来不顺畅的没？'), ('547', '81', '86', '2014-09-21 19:50:09', '谢谢美女支持啊！现在软件封测，用起来，感觉怎么样'), ('548', '81', '86', '2014-09-21 19:50:18', '一定要提意见啊'), ('549', '87', '81', '2014-09-21 20:00:54', '目前还没有'), ('550', '81', '87', '2014-09-21 20:05:16', '换单位了？'), ('551', '86', '81', '2014-09-21 20:09:11', '高端，大气，上档次1真心觉得不错'), ('552', '81', '86', '2014-09-21 20:24:25', '现在估计还不能满足你需求啊！美女有什么需求，随时说啊'), ('553', '86', '81', '2014-09-21 20:30:55', '嗯，慢慢完善吧！'), ('554', '73', '86', '2014-09-21 20:57:40', '你好，有机会聊聊'), ('555', '86', '73', '2014-09-21 22:26:53', '好的，我的微信rina266'), ('556', '87', '81', '2014-09-21 22:28:02', '没有换，这个也是'), ('557', '81', '87', '2014-09-21 22:40:48', '额，平时在哪个地方上班啊'), ('558', '81', '71', '2014-09-21 22:41:42', '试试消息'), ('559', '81', '71', '2014-09-21 22:41:55', '这个地方还发现一个，不一样的'), ('560', '71', '81', '2014-09-21 22:42:16', '收到了'), ('561', '81', '71', '2014-09-21 22:42:22', '看法没？'), ('562', '81', '71', '2014-09-21 22:42:27', '切换如何'), ('563', '71', '81', '2014-09-21 22:44:19', '没发现问题'), ('564', '81', '71', '2014-09-21 22:44:35', '我这下也好了'), ('565', '81', '71', '2014-09-21 22:44:49', '估计是设置问题'), ('566', '81', '71', '2014-09-21 22:45:04', '刚微信里又发了一个'), ('567', '81', '86', '2014-09-21 22:45:33', '有什么需求一定提呀'), ('568', '71', '70', '2014-09-22 11:12:03', '你好'), ('569', '71', '70', '2014-09-22 11:12:22', '囖'), ('570', '71', '70', '2014-09-22 11:12:29', '摸JJ了'), ('571', '70', '71', '2014-09-22 11:12:40', '您低'), ('572', '70', '71', '2014-09-22 11:12:53', '个股'), ('573', '70', '71', '2014-09-22 11:13:16', '了周佳'), ('574', '70', '71', '2014-09-22 11:13:28', '浏览器'), ('575', '70', '71', '2014-09-22 11:13:44', '居然'), ('576', '70', '71', '2014-09-22 11:14:00', '句'), ('577', '70', '71', '2014-09-22 11:14:19', '公司'), ('578', '73', '70', '2014-09-22 12:15:35', '经济基础'), ('579', '73', '70', '2014-09-22 12:16:03', ''), ('580', '73', '70', '2014-09-22 12:16:07', '机会好'), ('581', '70', '73', '2014-09-22 12:16:52', 'cvvd'), ('582', '87', '81', '2014-09-22 12:33:51', '利信的多'), ('583', '73', '70', '2014-09-22 12:53:55', '您好'), ('584', '73', '70', '2014-09-22 12:54:24', '哼哼唧唧'), ('585', '87', '70', '2014-09-22 15:55:57', '我是厚泽贷的，有件可以甩过来'), ('586', '81', '73', '2014-09-22 18:08:37', '在吗'), ('587', '73', '81', '2014-09-22 18:08:59', '在'), ('588', '73', '81', '2014-09-22 18:09:07', '？'), ('589', '81', '73', '2014-09-22 18:09:44', ' 没事，测试一下附近人功能'), ('590', '70', '81', '2014-09-22 18:11:22', '你先取消关注我'), ('591', '81', '70', '2014-09-22 18:11:54', '取消了'), ('592', '70', '81', '2014-09-22 18:12:03', '好'), ('593', '70', '71', '2014-09-23 16:36:09', '哈哈'), ('594', '71', '70', '2014-09-23 16:36:49', '可能认识的人有问题'), ('595', '70', '71', '2014-09-23 16:37:19', '刚改了'), ('596', '71', '70', '2014-09-23 16:38:34', '还跟刚才一样'), ('597', '70', '71', '2014-09-23 16:39:29', '客户端刚改了，你那需要更新版本'), ('598', '87', '86', '2014-09-24 22:27:15', '美女好'), ('599', '73', '70', '2014-09-25 17:30:57', '哦你好'), ('600', '70', '73', '2014-09-25 17:31:16', '你好也'), ('601', '73', '70', '2014-09-26 10:24:01', '收到没'), ('602', '70', '73', '2014-09-26 10:24:15', '收到了'), ('603', '70', '73', '2014-09-26 10:24:25', '你呢'), ('604', '73', '70', '2014-09-26 10:24:41', '哈哈可以'), ('605', '70', '73', '2014-09-26 10:24:50', 'OK'), ('606', '73', '70', '2014-09-26 10:25:19', '我试试长的我试试长的我试试长的我试试长的我试试长的我试试长的'), ('607', '73', '70', '2014-09-26 10:26:11', '你咯loll啦咯OK了快乐快乐就咯来咯哦哦OK啦'), ('608', '70', '73', '2014-09-26 10:26:49', '我试试长的我试试长的我试试长的我试试长的我试试长的我试试长的'), ('609', '70', '73', '2014-09-26 10:26:59', '收到了');
INSERT INTO `chat` VALUES ('610', '73', '70', '2014-09-26 10:27:02', '嗯是这个'), ('611', '73', '70', '2014-09-26 10:27:05', '好'), ('612', '73', '70', '2014-09-26 10:28:48', '1'), ('613', '73', '70', '2014-09-26 10:28:49', '2'), ('614', '73', '70', '2014-09-26 10:28:50', '3'), ('615', '73', '70', '2014-09-26 10:28:51', '4'), ('616', '73', '70', '2014-09-26 10:28:52', '5'), ('617', '73', '70', '2014-09-26 10:28:53', '6'), ('618', '73', '70', '2014-09-26 10:34:10', '1'), ('619', '73', '70', '2014-09-26 10:34:11', '2'), ('620', '73', '70', '2014-09-26 10:34:12', '3'), ('621', '73', '70', '2014-09-26 10:34:13', '4'), ('622', '73', '70', '2014-09-26 10:34:14', '5'), ('623', '73', '70', '2014-09-26 10:34:15', '6'), ('624', '73', '70', '2014-09-26 10:35:18', '一个'), ('625', '73', '70', '2014-09-26 10:53:39', '就发这一个'), ('626', '73', '70', '2014-09-26 10:54:50', '再发一个'), ('627', '70', '73', '2014-09-26 10:55:32', '为什么'), ('628', '73', '70', '2014-09-26 10:58:29', '只发一个'), ('629', '70', '73', '2014-09-26 10:58:39', '看看'), ('630', '73', '70', '2014-09-26 10:58:59', '嗯'), ('631', '73', '70', '2014-09-26 10:59:23', '好的'), ('632', '70', '73', '2014-09-26 10:59:30', '好了'), ('633', '73', '70', '2014-09-26 10:59:43', '发的不一样'), ('634', '70', '87', '2014-09-29 14:36:57', 'ok'), ('635', '70', '77', '2014-09-29 14:37:13', 'hello'), ('636', '73', '77', '2014-09-29 19:21:36', '你好'), ('637', '77', '73', '2014-09-29 19:21:50', '你好啊'), ('638', '77', '73', '2014-09-29 19:22:01', '在哪'), ('639', '71', '70', '2014-09-29 20:07:59', '你好'), ('640', '87', '86', '2014-10-02 09:06:17', '郑颖兰爱吃屁');
COMMIT;

-- ----------------------------
-- Table structure for `chat_user`
-- ----------------------------
DROP TABLE IF EXISTS `chat_user`;
CREATE TABLE `chat_user` (
`id`  int(11) NOT NULL AUTO_INCREMENT ,
`seid`  int(11) NULL DEFAULT NULL ,
`reid`  int(11) NULL DEFAULT NULL ,
`regtime`  datetime NULL DEFAULT NULL ,
`lastcontent`  varchar(3000) CHARACTER SET gbk COLLATE gbk_bin NULL DEFAULT NULL ,
`u_name`  varchar(255) CHARACTER SET gbk COLLATE gbk_bin NULL DEFAULT NULL ,
`kpno`  varchar(255) CHARACTER SET gbk COLLATE gbk_bin NULL DEFAULT NULL ,
`avatar`  varchar(255) CHARACTER SET gbk COLLATE gbk_bin NULL DEFAULT NULL ,
`reu_name`  varchar(255) CHARACTER SET gbk COLLATE gbk_bin NULL DEFAULT NULL ,
`rekpno`  varchar(255) CHARACTER SET gbk COLLATE gbk_bin NULL DEFAULT NULL ,
`reavatar`  varchar(255) CHARACTER SET gbk COLLATE gbk_bin NULL DEFAULT NULL ,
`hasread`  varchar(1) CHARACTER SET gbk COLLATE gbk_bin NULL DEFAULT NULL ,
`hehasread`  varchar(1) CHARACTER SET gbk COLLATE gbk_bin NULL DEFAULT NULL ,
PRIMARY KEY (`id`)
)
ENGINE=InnoDB
DEFAULT CHARACTER SET=gbk COLLATE=gbk_bin
/*!50003 AUTO_INCREMENT=131 */

;

-- ----------------------------
-- Records of chat_user
-- ----------------------------
BEGIN;
INSERT INTO `chat_user` VALUES ('90', '73', '70', '2014-09-26 10:59:43', '发的不一样', '高峰', '68', '140918104046.jpg', null, null, null, '1', '1'), ('91', '70', '73', '2014-09-26 10:59:43', '发的不一样', '天宇', '79', '140918172151.jpg', null, null, null, '1', '1'), ('92', '72', '74', '2014-09-17 15:10:42', '哦了啦咯啦咯了', '王龙', '70', '', null, null, null, '1', '1'), ('93', '74', '72', '2014-09-17 15:10:42', '哦了啦咯啦咯了', '冯佳', '65', '140917114324.jpg', null, null, null, '1', '1'), ('94', '81', '76', '2014-09-18 11:23:53', '凯哥？', '游龙刚', '61', '140918105705.jpg', null, null, null, '1', '1'), ('95', '76', '81', '2014-09-18 11:23:53', '凯哥？', '王凯', '62', '140918093921.jpg', null, null, null, '1', '1'), ('96', '81', '77', '2014-09-18 11:24:39', '质押10％？', '游龙刚', '61', '140918105705.jpg', null, null, null, '1', '1'), ('97', '77', '81', '2014-09-18 11:24:39', '质押10％？', '任梦涵', '62', '140918094818.jpg', null, null, null, '1', '1'), ('98', '78', '73', '2014-09-19 10:33:40', '你好，关注一下', '彭骏', '61', '140918100805.jpg', null, null, null, '1', '1'), ('99', '73', '78', '2014-09-19 10:33:40', '你好，关注一下', '高峰', '67', '140918104046.jpg', null, null, null, '1', '1'), ('100', '78', '71', '2014-09-19 12:51:22', '', '彭骏', '61', '140918100805.jpg', null, null, null, '1', '1'), ('101', '71', '78', '2014-09-19 12:51:22', '', '宏杰', '76', '140917141156.jpg', null, null, null, '1', '1'), ('102', '78', '70', '2014-09-19 12:51:37', '？', '彭骏', '61', '140918100805.jpg', null, null, null, '1', '1'), ('103', '70', '78', '2014-09-19 12:51:37', '？', '天宇', '77', '140918172151.jpg', null, null, null, '1', '1'), ('104', '81', '83', '2014-09-19 14:42:41', '收到了', '游龙刚', '61', '140918105705.jpg', null, null, null, '1', '1'), ('105', '83', '81', '2014-09-19 14:42:41', '收到了', '黄伟涛', '61', '', null, null, null, '1', '1'), ('106', '70', '70', '2014-09-20 14:54:27', '图', '天宇', '78', '140918172151.jpg', null, null, null, '1', '1'), ('107', '81', '70', '2014-09-22 18:12:03', '好', '游龙刚', '64', '140918105705.jpg', null, null, null, '1', '1'), ('108', '70', '81', '2014-09-22 18:12:03', '好', '天宇', '79', '140918172151.jpg', null, null, null, '1', '1'), ('109', '86', '70', '2014-09-21 17:32:31', '我公司主做小贷，以后请多关照呀！', '郑颖兰', '61', '140921172741.jpg', null, null, null, '1', '1'), ('110', '70', '86', '2014-09-21 17:32:31', '我公司主做小贷，以后请多关照呀！', '天宇', '79', '140918172151.jpg', null, null, null, '1', '1'), ('111', '86', '73', '2014-09-21 22:26:53', '好的，我的微信rina266', '郑颖兰', '63', '140921172741.jpg', null, null, null, '1', '1'), ('112', '73', '86', '2014-09-21 22:26:53', '好的，我的微信rina266', '高峰', '68', '140918104046.jpg', null, null, null, '1', '1'), ('113', '87', '86', '2014-10-02 09:06:17', '郑颖兰爱吃屁', '王清和', '63', '140921180546.jpg', null, null, null, '1', '1'), ('114', '86', '87', '2014-10-02 09:06:17', '郑颖兰爱吃屁', '', '64', '140921172741.jpg', null, null, null, '0', '1'), ('115', '87', '81', '2014-09-22 12:33:51', '利信的多', '王清和', '63', '140921180546.jpg', null, null, null, '1', '1'), ('116', '81', '87', '2014-09-22 12:33:51', '利信的多', '游龙刚', '64', '140918105705.jpg', null, null, null, '1', '1'), ('117', '87', '70', '2014-09-29 14:36:57', 'ok', '', '63', '140921180546.jpg', null, null, null, '1', '1'), ('118', '70', '87', '2014-09-29 14:36:57', 'ok', '天宇', '79', '140918172151.jpg', null, null, null, '1', '1'), ('119', '81', '86', '2014-09-21 22:45:33', '有什么需求一定提呀', '游龙刚', '64', '140918105705.jpg', null, null, null, '1', '1'), ('120', '86', '81', '2014-09-21 22:45:33', '有什么需求一定提呀', '郑颖兰', '63', '140921172741.jpg', null, null, null, '1', '1'), ('121', '81', '71', '2014-09-21 22:45:04', '刚微信里又发了一个', '游龙刚', '64', '140918105705.jpg', null, null, null, '1', '1'), ('122', '71', '81', '2014-09-21 22:45:04', '刚微信里又发了一个', '宏杰', '78', '140917141156.jpg', null, null, null, '1', '1'), ('123', '71', '70', '2014-09-29 20:07:59', '你好', '宏杰', '77', '140917141156.jpg', null, null, null, '1', '1'), ('124', '70', '71', '2014-09-29 20:07:59', '你好', '', '79', '140918172151.jpg', null, null, null, '0', '1'), ('125', '81', '73', '2014-09-22 18:09:44', ' 没事，测试一下附近人功能', '游龙刚', '64', '140918105705.jpg', null, null, null, '1', '1'), ('126', '73', '81', '2014-09-22 18:09:44', ' 没事，测试一下附近人功能', '高峰', '69', '140918104046.jpg', null, null, null, '1', '1'), ('127', '70', '77', '2014-09-29 14:37:13', 'hello', '天宇', '79', '140918172151.jpg', null, null, null, '1', '1'), ('128', '77', '70', '2014-09-29 14:37:13', 'hello', '任梦涵', '74', '140918094818.jpg', null, null, null, '1', '1'), ('129', '73', '77', '2014-09-29 19:22:01', '在哪', '', '68', '140918104046.jpg', null, null, null, '1', '1'), ('130', '77', '73', '2014-09-29 19:22:01', '在哪', '任梦涵', '74', '140918094818.jpg', null, null, null, '1', '1');
COMMIT;

-- ----------------------------
-- Table structure for `info`
-- ----------------------------
DROP TABLE IF EXISTS `info`;
CREATE TABLE `info` (
`id`  int(11) NOT NULL AUTO_INCREMENT ,
`ver`  varchar(255) CHARACTER SET gbk COLLATE gbk_bin NULL DEFAULT NULL ,
`alert`  varchar(255) CHARACTER SET gbk COLLATE gbk_bin NULL DEFAULT NULL ,
`locat`  varchar(255) CHARACTER SET gbk COLLATE gbk_bin NULL DEFAULT NULL ,
`aboutkpno`  varchar(6000) CHARACTER SET gbk COLLATE gbk_bin NULL DEFAULT NULL ,
`aboutus`  varchar(6000) CHARACTER SET gbk COLLATE gbk_bin NULL DEFAULT NULL ,
`regtime`  datetime NULL DEFAULT NULL ,
`androidpath`  varchar(255) CHARACTER SET gbk COLLATE gbk_bin NULL DEFAULT NULL ,
`iospath`  varchar(255) CHARACTER SET gbk COLLATE gbk_bin NULL DEFAULT NULL ,
`user_joinnum`  int(11) NULL DEFAULT NULL ,
PRIMARY KEY (`id`)
)
ENGINE=InnoDB
DEFAULT CHARACTER SET=gbk COLLATE=gbk_bin
/*!50003 AUTO_INCREMENT=41 */

;

-- ----------------------------
-- Records of info
-- ----------------------------
BEGIN;
INSERT INTO `info` VALUES ('40', '1.0.0', '1', '0', 'kaopuzhushushuoming', 'aboutus', null, 'http://www.baidu.com', 'http://www.google.com', '289');
COMMIT;

-- ----------------------------
-- Table structure for `jccpush`
-- ----------------------------
DROP TABLE IF EXISTS `jccpush`;
CREATE TABLE `jccpush` (
`uid`  varchar(50) CHARACTER SET gbk COLLATE gbk_chinese_ci NOT NULL ,
`pushid`  varchar(50) CHARACTER SET gbk COLLATE gbk_chinese_ci NOT NULL ,
`device`  varchar(50) CHARACTER SET gbk COLLATE gbk_chinese_ci NOT NULL ,
PRIMARY KEY (`uid`)
)
ENGINE=InnoDB
DEFAULT CHARACTER SET=gbk COLLATE=gbk_chinese_ci

;

-- ----------------------------
-- Records of jccpush
-- ----------------------------
BEGIN;
INSERT INTO `jccpush` VALUES ('', '890550071447974070', '4'), ('0', '620051795075286960', '3'), ('1', '99', '4'), ('2', '99', '4'), ('20', '900', '3'), ('22222', '100', '4'), ('30', '1146069893470858455', '3'), ('31', '89', '4'), ('39', '594868457419974970', '3'), ('40', '973520447633333614', '4'), ('44', '644109453181907525', '4'), ('46', '1010365733728782051', '3'), ('47', '999855442162598342', '3'), ('48', '620051795075286960', '3'), ('49', '694999357757267184', '4'), ('50', '1146069893470858455', '3'), ('51', '660678759498115392', '3'), ('54', '998169509237528481', '3'), ('64', '660678759498115392', '3'), ('66', '1146069893470858455', '3'), ('69', '1146069893470858455', '3'), ('70', '893411805744052441', '3'), ('71', '1112385146019007339', '4'), ('72', '1146069893470858455', '3'), ('73', '834545229618222706', '3'), ('74', '644109453181907525', '4'), ('75', '972501358099077537', '4'), ('77', '1112385146019007339', '4'), ('78', '1112385146019007339', '4'), ('79', '1112385146019007339', '4'), ('81', '620051795075286960', '3'), ('82', '921512838744467898', '3'), ('83', '945049635010503351', '3'), ('84', '622367516125783724', '3'), ('85', '627504546058422041', '3'), ('86', '1151546647670392925', '3'), ('89', '792279066346521995', '3');
COMMIT;

-- ----------------------------
-- Table structure for `jdan`
-- ----------------------------
DROP TABLE IF EXISTS `jdan`;
CREATE TABLE `jdan` (
`id`  int(11) NOT NULL AUTO_INCREMENT ,
`jd_id`  int(11) NOT NULL ,
`jd_name`  varchar(255) CHARACTER SET gbk COLLATE gbk_bin NULL DEFAULT NULL COMMENT '发起人姓名' ,
`jd_phone`  varchar(255) CHARACTER SET gbk COLLATE gbk_bin NULL DEFAULT NULL COMMENT '电话' ,
`jd_kpno`  varchar(8000) CHARACTER SET gbk COLLATE gbk_bin NULL DEFAULT NULL COMMENT '简介' ,
`jd_content`  varchar(8000) CHARACTER SET gbk COLLATE gbk_bin NULL DEFAULT NULL COMMENT '简介' ,
`jd_regtime`  datetime NULL DEFAULT NULL COMMENT '时间' ,
PRIMARY KEY (`id`)
)
ENGINE=InnoDB
DEFAULT CHARACTER SET=gbk COLLATE=gbk_bin
/*!50003 AUTO_INCREMENT=1 */

;

-- ----------------------------
-- Records of jdan
-- ----------------------------
BEGIN;
COMMIT;

-- ----------------------------
-- Table structure for `msg`
-- ----------------------------
DROP TABLE IF EXISTS `msg`;
CREATE TABLE `msg` (
`id`  int(11) NOT NULL AUTO_INCREMENT ,
`phone`  varchar(255) CHARACTER SET gbk COLLATE gbk_bin NULL DEFAULT NULL ,
`reid`  varchar(255) CHARACTER SET gbk COLLATE gbk_bin NULL DEFAULT NULL ,
`regtime`  datetime NULL DEFAULT NULL ,
`content`  varchar(2000) CHARACTER SET gbk COLLATE gbk_bin NULL DEFAULT NULL ,
`read`  varchar(1) CHARACTER SET gbk COLLATE gbk_bin NULL DEFAULT NULL ,
PRIMARY KEY (`id`)
)
ENGINE=InnoDB
DEFAULT CHARACTER SET=gbk COLLATE=gbk_bin
/*!50003 AUTO_INCREMENT=1 */

;

-- ----------------------------
-- Records of msg
-- ----------------------------
BEGIN;
COMMIT;

-- ----------------------------
-- Table structure for `party`
-- ----------------------------
DROP TABLE IF EXISTS `party`;
CREATE TABLE `party` (
`id`  int(11) NOT NULL AUTO_INCREMENT ,
`uid`  int(11) NOT NULL ,
`u_name`  varchar(255) CHARACTER SET gbk COLLATE gbk_bin NULL DEFAULT NULL COMMENT '发起人姓名' ,
`phone`  varchar(255) CHARACTER SET gbk COLLATE gbk_bin NULL DEFAULT NULL COMMENT '电话' ,
`regtime`  datetime NULL DEFAULT NULL COMMENT '时间' ,
`state`  varchar(255) CHARACTER SET gbk COLLATE gbk_bin NULL DEFAULT NULL COMMENT '状态' ,
`type`  varchar(255) CHARACTER SET gbk COLLATE gbk_bin NULL DEFAULT NULL COMMENT '聚会类型' ,
`partytime`  datetime NULL DEFAULT NULL COMMENT '聚会时间' ,
`city`  varchar(255) CHARACTER SET gbk COLLATE gbk_bin NULL DEFAULT NULL COMMENT '聚会城市' ,
`area`  varchar(255) CHARACTER SET gbk COLLATE gbk_bin NULL DEFAULT NULL COMMENT '聚会地点范围' ,
`adr`  varchar(255) CHARACTER SET gbk COLLATE gbk_bin NULL DEFAULT NULL COMMENT '聚会具体地址' ,
`membernum`  varchar(255) CHARACTER SET gbk COLLATE gbk_bin NULL DEFAULT NULL COMMENT '参加人数上线' ,
`joinnum`  varchar(255) CHARACTER SET gbk COLLATE gbk_bin NULL DEFAULT NULL COMMENT '已参加人数' ,
`title`  varchar(255) CHARACTER SET gbk COLLATE gbk_bin NULL DEFAULT NULL COMMENT '聚会主题' ,
`content`  varchar(8000) CHARACTER SET gbk COLLATE gbk_bin NULL DEFAULT NULL COMMENT '聚会简介' ,
`joinlist`  varchar(12000) CHARACTER SET gbk COLLATE gbk_bin NULL DEFAULT NULL COMMENT '已报名人列表' ,
PRIMARY KEY (`id`)
)
ENGINE=InnoDB
DEFAULT CHARACTER SET=gbk COLLATE=gbk_bin
/*!50003 AUTO_INCREMENT=74 */

;

-- ----------------------------
-- Records of party
-- ----------------------------
BEGIN;
INSERT INTO `party` VALUES ('55', '70', '%E9%AB%98%E5%A4%A9%E5%AE%87', '13466754325', '2014-09-17 10:44:26', '0', '聚餐', '2014-09-18 18:30:00', '北京 朝阳区', '世贸天阶', '汉拿山世贸天阶店', '6', '6', '世贸天阶聚餐', '同行聚会，每人50元', '|72|73|71|76|75|78'), ('56', '72', '%E7%8E%8B%E9%BE%99', '18310292618', '2014-09-17 11:09:23', '0', '郊游', '2014-09-24 11:17:00', '黑龙江 七台河市 其他', '中关村', '12路', '58', '7', '旅游', '欢迎大家', '|73|76|75|78|70|84|85'), ('57', '70', '%E9%AB%98%E5%A4%A9%E5%AE%87', '13466754325', '2014-09-17 11:12:42', '0', '泡吧', '2014-09-19 22:00:00', '北京 朝阳区', '工体', 'Mix', '6', '6', '工体聚会', '同行聚会，有人买单', '|73|71|76|75|78|81'), ('58', '73', '%E9%AB%98%E5%B3%B0', '18610079117', '2014-09-18 14:18:07', '0', '交流会', '2014-09-18 15:20:00', '北京 海淀', '中关村', '中关村3W咖啡', '2', '2', '同行交流', '有在中关村的同行聚聚', '|77|71'), ('59', '73', '%E9%AB%98%E5%B3%B0', '18610079117', '2014-09-18 14:27:37', '0', '唱歌', '2014-09-18 20:30:00', '北京 海淀', '中关村', '十七英里', '15', '5', '同行聚会唱歌', '同行聚会，有人请客', '|77|71|76|75|78'), ('60', '71', '%E5%AE%8F%E6%9D%B0', '18610668688', '2014-09-18 15:36:13', '0', '交流会', '2014-09-18 15:45:00', '北京 海淀', '中关村', '车库咖啡', '2', '2', '银行人聚会', '聚会', '|70|73'), ('63', '70', '%E5%A4%A9%E5%AE%87', '13466754325', '2014-09-19 12:41:56', '0', '泡吧', '2014-09-19 22:45:00', '北京 朝阳', '三里屯', '夜色', '2', '2', '泡吧', '抓紧啊', '|73'), ('64', '78', '%E5%BD%AD%E9%AA%8F', '13701272188', '2014-09-19 15:07:46', '0', '泡吧', '2014-09-19 22:00:00', '北京 海淀', '五道口', '五角星', '2', '2', '五道口泡吧', '我请客', '|70|73'), ('65', '70', '%E5%A4%A9%E5%AE%87', '13466754325', '2014-09-22 19:58:59', '0', '聚餐', '2014-09-29 18:00:00', '北京 朝阳', '亚运村', '湘鄂情', '2', '1', '同行聚会', '聚聚', '|73'), ('66', '70', '%E5%A4%A9%E5%AE%87', '13466754325', '2014-09-23 16:15:20', '0', '其他', '2014-09-03 16:15:00', '北京 海淀', '中关村', '28号', '60', '0', '轮滑刷街', '热爱运动的朋友们来吧', ''), ('67', '70', '%E5%A4%A9%E5%AE%87', '13466754325', '2014-09-23 16:40:46', '0', '打球', '2014-09-27 16:42:00', '北京 海淀', '中关村', '16号', '66', '1', '打篮球', '快来吧', '|73'), ('68', '70', '%E5%A4%A9%E5%AE%87', '13466754325', '2014-09-26 17:23:41', '0', '泡吧', '2014-09-26 22:30:00', '北京 朝阳', '三里屯', '青年', '5', '0', '三里屯聚会', 'aa', ''), ('69', '70', '%E5%A4%A9%E5%AE%87', '13466754325', '2014-09-29 20:02:47', '0', '交流会', '2014-10-05 15:00:00', '北京 海淀', '中关村', '车库咖啡', '2', '2', '中关村聚会', '同行聚聚', '|73|71'), ('70', '71', '%E5%AE%8F%E6%9D%B0', '18610668688', '2014-09-29 20:30:20', '0', '交流会', '2014-09-30 14:32:00', '北京 朝阳', '亚运村', '花舍咖啡', '2', '1', '银行同业交流', '聊聊', '|73'), ('71', '78', '%E5%BD%AD%E9%AA%8F', '13701272188', '2014-09-29 20:42:04', '0', '泡吧', '2014-09-30 22:20:00', '北京 朝阳', '国贸', '秀吧', '2', '1', '酒吧聚聚', '聚聚', '|73'), ('73', '70', '%E5%A4%A9%E5%AE%87', '13466754325', '2014-09-29 21:25:24', '0', '泡吧', '2014-09-29 22:27:00', '北京 朝阳', '三里屯', '男孩女孩', '3', '0', '酒吧聚聚', '聚聚', '');
COMMIT;

-- ----------------------------
-- Table structure for `sdan`
-- ----------------------------
DROP TABLE IF EXISTS `sdan`;
CREATE TABLE `sdan` (
`id`  int(11) NOT NULL AUTO_INCREMENT ,
`uid`  varchar(255) CHARACTER SET gbk COLLATE gbk_bin NULL DEFAULT NULL COMMENT '发起人姓名' ,
`u_name`  varchar(255) CHARACTER SET gbk COLLATE gbk_bin NULL DEFAULT NULL COMMENT '电话' ,
`phone`  varchar(255) CHARACTER SET gbk COLLATE gbk_bin NULL DEFAULT NULL COMMENT '电话' ,
`regtime`  datetime NULL DEFAULT NULL COMMENT '时间' ,
`state`  varchar(255) CHARACTER SET gbk COLLATE gbk_bin NULL DEFAULT NULL COMMENT '状态' ,
`area`  varchar(255) CHARACTER SET gbk COLLATE gbk_bin NULL DEFAULT NULL COMMENT '区域' ,
`type`  varchar(255) CHARACTER SET gbk COLLATE gbk_bin NULL DEFAULT NULL COMMENT '业务类型' ,
`money`  varchar(255) CHARACTER SET gbk COLLATE gbk_bin NULL DEFAULT NULL COMMENT '金额' ,
`limitdate`  varchar(255) CHARACTER SET gbk COLLATE gbk_bin NULL DEFAULT NULL COMMENT '放款期限' ,
`howlong`  varchar(255) CHARACTER SET gbk COLLATE gbk_bin NULL DEFAULT NULL COMMENT '放款周期' ,
`title`  varchar(255) CHARACTER SET gbk COLLATE gbk_bin NULL DEFAULT NULL COMMENT '放款周期' ,
`assessnum`  varchar(255) CHARACTER SET gbk COLLATE gbk_bin NULL DEFAULT NULL COMMENT '评价' ,
`assesstxt`  varchar(255) CHARACTER SET gbk COLLATE gbk_bin NULL DEFAULT NULL COMMENT '评价内容' ,
`content`  varchar(8000) CHARACTER SET gbk COLLATE gbk_bin NULL DEFAULT NULL COMMENT '简介' ,
`joinlist`  varchar(12000) CHARACTER SET gbk COLLATE gbk_bin NULL DEFAULT NULL COMMENT '接单者列表' ,
`joinnum`  varchar(255) CHARACTER SET gbk COLLATE gbk_bin NULL DEFAULT NULL COMMENT '放款周期' ,
`selectid`  varchar(255) CHARACTER SET gbk COLLATE gbk_bin NULL DEFAULT NULL ,
`selectname`  varchar(255) CHARACTER SET gbk COLLATE gbk_bin NULL DEFAULT NULL ,
`selectavatar`  varchar(255) CHARACTER SET gbk COLLATE gbk_bin NULL DEFAULT NULL ,
PRIMARY KEY (`id`)
)
ENGINE=InnoDB
DEFAULT CHARACTER SET=gbk COLLATE=gbk_bin
/*!50003 AUTO_INCREMENT=110 */

;

-- ----------------------------
-- Records of sdan
-- ----------------------------
BEGIN;
INSERT INTO `sdan` VALUES ('94', '70', '%E9%AB%98%E5%A4%A9%E5%AE%87', '13466754325', '2014-09-17 09:38:38', '0', '北京 朝阳', '银行抵押贷款', '380', '40', '60', '朝阳800万房产贷380万', '1', '还行', '直户，看过房产，无贷款足值，谁能做报个底点', '|73', '1', '73', '高峰', ''), ('95', '73', '%E9%AB%98%E5%B3%B0', '18610079117', '2014-09-17 12:14:18', '1', '北京 西城区', '房产抵押', '200', '2', '3', '房产质押要200万', '', '', '用三个月，报下底点', '|70|77|78', '3', '', '天宇', '140918101913.jpg'), ('96', '72', '%E7%8E%8B%E9%BE%99', '18310292618', '2014-09-17 14:42:50', '1', '北京 朝阳', '银行抵押贷款', '44', '55', '66', '接口', '', '', '估计是', '|70|78', '2', null, null, null), ('97', '73', '%E9%AB%98%E5%B3%B0', '18610079117', '2014-09-18 14:25:43', '1', '北京 丰台', '过桥垫资', '50', '5', '1', '过桥垫资50万', '', '', '客户在民生银行的抵押经营贷，有批贷函，谁能做报点位', '|78|70', '2', null, null, null), ('98', '73', '%E9%AB%98%E5%B3%B0', '18610079117', '2014-09-18 14:29:25', '1', '北京 西城', '小额贷款', '20', '30', '12', '白领借20万', '', '', '白领借款，在央企工作', '|78|70|76|86', '4', null, null, null), ('99', '77', '%E4%BB%BB%E6%A2%A6%E6%B6%B5', '13370176399', '2014-09-18 14:33:57', '0', '北京 朝阳', '房产质押', '200', '2', '3', '北京房质押', '1', '不错', '客户比较着急，房产足值', '|73', '1', '73', '高峰', '140918104046.jpg'), ('100', '78', '%E5%BD%AD%E9%AA%8F', '13701272188', '2014-09-19 10:40:25', '1', '北京 石景山', '车辆质押', '100', '3', '3', '豪车用钱', '', '', '法拉利新车，谁能做报一下', '|73|81', '2', null, null, null), ('101', '70', '%E5%A4%A9%E5%AE%87', '13466754325', '2014-09-19 11:05:34', '2', '北京 朝阳', '银行抵押贷款', '1200', '3', '6', '北京别墅贷款1200万', '', '', '中央别墅区', '|78|73', '2', '73', '高峰', '140918104046.jpg'), ('102', '81', '%E6%B8%B8%E9%BE%99%E5%88%9A', '18510510168', '2014-09-20 15:40:31', '1', '北京 东城区', '银行抵押贷款', '133', '2', '12', '啦咯啦咯啦咯啦咯啦咯吐了咯啦咯', '', '', 'pps去8图兔兔突击了了', '|85|73', '2', null, null, null), ('103', '70', '%E5%A4%A9%E5%AE%87', '13466754325', '2014-09-22 20:42:25', '1', '北京 东城', '车辆质押', '100', '10', '12', '北京汽车贷款110', '', '', '韩寒靠谱不完', '', '0', null, null, null), ('104', '81', '%E6%B8%B8%E9%BE%99%E5%88%9A', '18510510168', '2014-09-23 09:35:00', '1', '北京 东城区', '房产抵押', '200', '7', '12', '转单200万，节前放款', '', '', '客户北京人，在京2套房（另一套已抵押无余值），有公司，房产市值250万，上家借款2个月200万。', '', '0', null, null, null), ('105', '70', '%E5%A4%A9%E5%AE%87', '13466754325', '2014-09-26 17:21:24', '1', '北京 海淀', '房产质押', '200', '3', '4', '海淀房产质押', '', '', '世纪城的房子，谁能做报一下', '', '0', null, null, null), ('106', '70', '%E5%A4%A9%E5%AE%87', '13466754325', '2014-09-29 20:00:51', '2', '北京 丰台', '银行信用贷款', '500', '20', '12', '公司流水贷款', '', '', '客户公司每年流水五个亿左右，希望走银行流水贷', '|73', '1', '73', '高峰', '140918104046.jpg'), ('107', '73', '%E9%AB%98%E5%B3%B0', '18610079117', '2014-09-29 20:53:36', '1', '北京 昌平', '其他', '2500', '15', '3', '保理业务2500万', '', '', '保理业务谁能做？异地保', '', '0', null, null, null), ('108', '73', '%E9%AB%98%E5%B3%B0', '18610079117', '2014-09-29 20:56:07', '2', '北京 丰台', '房产质押', '260', '2', '3', '260万房产质押', '', '', '速速', '|70', '1', '70', '天宇', '140918172151.jpg'), ('109', '70', '%E5%A4%A9%E5%AE%87', '13466754325', '2014-09-29 21:46:20', '1', '北京 朝阳', '车辆质押', '25', '3', '3', '豪车质押在朝阳', '', '', '豪车', '|73', '1', null, null, null);
COMMIT;

-- ----------------------------
-- Table structure for `sdan_chat`
-- ----------------------------
DROP TABLE IF EXISTS `sdan_chat`;
CREATE TABLE `sdan_chat` (
`id`  int(11) NOT NULL AUTO_INCREMENT ,
`sdanid`  varchar(255) CHARACTER SET gbk COLLATE gbk_bin NULL DEFAULT NULL ,
`seid`  varchar(255) CHARACTER SET gbk COLLATE gbk_bin NULL DEFAULT NULL ,
`reid`  varchar(255) CHARACTER SET gbk COLLATE gbk_bin NULL DEFAULT NULL ,
`regtime`  datetime NULL DEFAULT NULL ,
`message`  varchar(5000) CHARACTER SET gbk COLLATE gbk_bin NULL DEFAULT NULL ,
PRIMARY KEY (`id`)
)
ENGINE=InnoDB
DEFAULT CHARACTER SET=gbk COLLATE=gbk_bin
/*!50003 AUTO_INCREMENT=413 */

;

-- ----------------------------
-- Records of sdan_chat
-- ----------------------------
BEGIN;
INSERT INTO `sdan_chat` VALUES ('193', '94', '73', '70', '2014-09-17 11:45:50', '我能做，给你一个点底点，高出全返，40天没问题'), ('194', '94', '70', '73', '2014-09-17 11:47:03', '有其他费用没？'), ('195', '95', '70', '73', '2014-09-17 12:15:12', '底点2'), ('196', '95', '73', '70', '2014-09-17 12:16:16', '能当天放款么'), ('197', '95', '70', '73', '2014-09-17 12:16:51', '可以'), ('198', '95', '70', '73', '2014-09-17 12:17:24', '没有服务费'), ('199', '96', '70', '72', '2014-09-18 10:45:15', '你好'), ('200', '95', '73', '70', '2014-09-18 11:50:26', '嗯'), ('201', '95', '70', '73', '2014-09-18 11:50:56', '好的'), ('202', '95', '73', '70', '2014-09-18 11:51:36', '好'), ('203', '95', '73', '70', '2014-09-18 11:55:22', '你先忙'), ('204', '95', '73', '70', '2014-09-18 14:04:26', '你好'), ('205', '95', '70', '73', '2014-09-18 14:05:13', '你好'), ('206', '95', '70', '73', '2014-09-18 14:06:25', '你好'), ('207', '95', '73', '70', '2014-09-18 14:07:04', '努力'), ('208', '95', '73', '70', '2014-09-18 14:07:16', '你好'), ('209', '95', '73', '70', '2014-09-18 14:10:13', '哈喽'), ('210', '95', '73', '70', '2014-09-18 14:19:52', '哈喽'), ('211', '95', '73', '70', '2014-09-18 14:24:25', '好的'), ('212', '95', '70', '73', '2014-09-18 14:24:36', '哦哦哦'), ('213', '95', '70', '73', '2014-09-18 14:25:07', '你好'), ('214', '95', '70', '73', '2014-09-18 14:25:24', '你好啊'), ('215', '95', '70', '73', '2014-09-18 14:26:46', '你哈'), ('216', '95', '70', '73', '2014-09-18 14:27:16', '好'), ('217', '95', '70', '73', '2014-09-18 14:27:43', '好'), ('218', '95', '77', '73', '2014-09-18 14:31:09', '我能做'), ('219', '95', '70', '73', '2014-09-18 14:39:32', '好好'), ('220', '95', '70', '73', '2014-09-18 14:40:22', '好'), ('221', '95', '70', '73', '2014-09-18 14:40:44', '了'), ('222', '95', '70', '73', '2014-09-18 14:41:04', '哈喽'), ('223', '95', '70', '73', '2014-09-18 14:50:23', '哈喽'), ('224', '95', '70', '73', '2014-09-18 14:54:03', '接口'), ('225', '95', '70', '73', '2014-09-18 14:56:37', '好的'), ('226', '95', '73', '70', '2014-09-18 14:56:49', '嗯'), ('227', '95', '73', '70', '2014-09-18 14:57:11', '现在'), ('228', '95', '73', '70', '2014-09-18 14:57:22', '哦哦'), ('229', '99', '73', '77', '2014-09-18 15:55:18', '我能做'), ('230', '99', '77', '73', '2014-09-18 15:55:43', '恩'), ('231', '99', '73', '77', '2014-09-18 16:55:38', '你好'), ('232', '99', '77', '73', '2014-09-18 16:56:39', '底点多少'), ('233', '95', '78', '73', '2014-09-19 10:30:49', '底点2.2'), ('234', '98', '78', '73', '2014-09-19 10:31:22', '这个我能接'), ('235', '97', '78', '73', '2014-09-19 10:31:44', '你好'), ('236', '96', '78', '72', '2014-09-19 10:32:06', '55天？'), ('237', '100', '73', '78', '2014-09-19 10:52:47', '我能做'), ('238', '100', '78', '73', '2014-09-19 10:53:31', '多少？'), ('239', '100', '73', '78', '2014-09-19 10:54:14', '见面说吧'), ('240', '100', '78', '73', '2014-09-19 10:55:41', '好，电话吧'), ('241', '101', '78', '70', '2014-09-19 11:06:48', '要不要走银行？'), ('242', '101', '70', '78', '2014-09-19 11:07:38', ' 先质押，然后转银行'), ('243', '101', '73', '70', '2014-09-19 15:48:21', '我能接不？哥们'), ('244', '97', '70', '73', '2014-09-20 10:22:59', '你好'), ('245', '101', '73', '70', '2014-09-20 10:23:50', '你好啊'), ('246', '97', '73', '70', '2014-09-20 10:27:26', '哪个公司？'), ('247', '97', '73', '70', '2014-09-20 10:28:31', '聊聊'), ('248', '101', '70', '73', '2014-09-20 10:32:46', '聊聊'), ('249', '97', '73', '70', '2014-09-20 10:33:55', '你在哪'), ('250', '97', '73', '70', '2014-09-20 10:34:19', '你在哪里'), ('251', '97', '73', '70', '2014-09-20 10:34:47', '你在哪里？'), ('252', '97', '73', '70', '2014-09-20 10:37:54', '你好'), ('253', '98', '76', '73', '2014-09-20 10:42:32', '你好，我能做'), ('254', '97', '70', '73', '2014-09-20 10:42:33', '啊'), ('255', '98', '76', '73', '2014-09-20 10:43:13', '你好'), ('256', '98', '76', '73', '2014-09-20 10:43:29', '你好'), ('257', '97', '70', '73', '2014-09-20 10:44:07', '哈吧'), ('258', '97', '70', '73', '2014-09-20 10:53:40', '间距'), ('259', '101', '70', '73', '2014-09-20 10:54:04', '试试'), ('260', '101', '70', '73', '2014-09-20 10:54:37', '试试'), ('261', '101', '70', '73', '2014-09-20 10:54:41', '试试'), ('262', '101', '70', '73', '2014-09-20 10:54:43', '试试'), ('263', '97', '70', '73', '2014-09-20 10:57:59', '试试'), ('264', '101', '70', '73', '2014-09-20 10:58:28', '是好多了'), ('265', '101', '70', '73', '2014-09-20 11:07:21', '看看'), ('266', '97', '70', '73', '2014-09-20 11:08:04', '零零落落'), ('267', '97', '73', '70', '2014-09-20 11:08:42', '你好'), ('268', '97', '73', '70', '2014-09-20 11:08:47', '好不好'), ('269', '97', '73', '70', '2014-09-20 11:12:24', '好的'), ('270', '97', '73', '70', '2014-09-20 11:14:08', '发了'), ('271', '97', '70', '73', '2014-09-20 11:16:47', '哈喽'), ('272', '97', '70', '73', '2014-09-20 11:18:19', '黄鹤楼'), ('273', '97', '70', '73', '2014-09-20 11:18:23', '嘎扣'), ('274', '97', '70', '73', '2014-09-20 11:19:35', 'uuu'), ('275', '97', '70', '73', '2014-09-20 11:19:38', '哦哦哦'), ('276', '97', '73', '70', '2014-09-20 11:19:49', '何厚铧'), ('277', '97', '73', '70', '2014-09-20 11:19:53', '看看看'), ('278', '97', '73', '70', '2014-09-20 11:20:21', '收到'), ('279', '97', '70', '73', '2014-09-20 11:20:31', '没问题啊'), ('280', '101', '73', '70', '2014-09-20 11:20:46', '今后改革'), ('281', '97', '70', '73', '2014-09-20 11:20:53', '都收到了'), ('282', '97', '70', '73', '2014-09-20 11:21:33', '1'), ('283', '97', '70', '73', '2014-09-20 11:21:34', '2'), ('284', '97', '70', '73', '2014-09-20 11:21:35', '3'), ('285', '97', '70', '73', '2014-09-20 11:21:36', '4'), ('286', '97', '70', '73', '2014-09-20 11:21:37', '5'), ('287', '97', '70', '73', '2014-09-20 11:21:39', '6'), ('288', '101', '73', '70', '2014-09-20 11:21:48', '7'), ('289', '101', '73', '70', '2014-09-20 11:21:49', '8'), ('290', '101', '73', '70', '2014-09-20 11:21:50', '9'), ('291', '101', '73', '70', '2014-09-20 11:21:52', '10'), ('292', '97', '70', '73', '2014-09-20 11:22:41', '7');
INSERT INTO `sdan_chat` VALUES ('293', '97', '73', '70', '2014-09-20 11:22:56', '8'), ('294', '97', '73', '70', '2014-09-20 11:23:02', '1'), ('295', '97', '73', '70', '2014-09-20 11:23:03', '2'), ('296', '97', '73', '70', '2014-09-20 11:23:04', '3'), ('297', '97', '73', '70', '2014-09-20 11:23:04', '4'), ('298', '97', '73', '70', '2014-09-20 11:23:05', '5'), ('299', '97', '73', '70', '2014-09-20 11:23:06', '6'), ('300', '101', '70', '73', '2014-09-20 11:33:18', '试试'), ('301', '101', '70', '73', '2014-09-20 11:49:19', '静候'), ('302', '101', '73', '70', '2014-09-20 11:49:23', '回家'), ('303', '97', '70', '73', '2014-09-20 11:49:47', '处女膜'), ('304', '97', '73', '70', '2014-09-20 11:50:13', '你奶奶'), ('305', '97', '73', '70', '2014-09-20 11:50:21', '哈哈镜'), ('306', '97', '70', '73', '2014-09-20 11:51:01', '发挥好'), ('307', '101', '70', '73', '2014-09-20 11:51:14', '脚后跟'), ('308', '101', '70', '73', '2014-09-20 11:55:08', '考虑一下'), ('309', '101', '70', '73', '2014-09-20 11:55:28', '不知道'), ('310', '101', '73', '70', '2014-09-20 11:56:10', '拜拜'), ('311', '101', '73', '70', '2014-09-20 11:56:23', '发广告'), ('312', '101', '73', '70', '2014-09-20 12:00:25', '热腾腾'), ('313', '101', '73', '70', '2014-09-20 12:04:10', '更丰富'), ('314', '101', '73', '70', '2014-09-20 12:04:46', '而'), ('315', '101', '73', '70', '2014-09-20 12:05:24', '很尴尬'), ('316', '101', '73', '70', '2014-09-20 12:05:56', '晕乎乎'), ('317', '101', '73', '70', '2014-09-20 12:10:04', '回家看'), ('318', '101', '73', '70', '2014-09-20 12:12:35', '脚后跟'), ('319', '97', '73', '70', '2014-09-20 12:15:06', '黄家驹'), ('320', '97', '73', '70', '2014-09-20 12:15:24', '哦 i'), ('321', '97', '73', '70', '2014-09-20 12:15:47', '上饭否'), ('322', '97', '70', '73', '2014-09-20 12:19:41', '拒'), ('323', '97', '73', '70', '2014-09-20 12:24:17', '那后果'), ('324', '97', '73', '70', '2014-09-20 12:24:32', '法规和'), ('325', '101', '73', '70', '2014-09-20 12:25:00', '法规和'), ('326', '101', '70', '73', '2014-09-20 12:25:07', '回家看'), ('327', '101', '73', '70', '2014-09-20 12:26:15', '看看'), ('328', '101', '70', '73', '2014-09-20 12:26:30', '那过程'), ('329', '101', '73', '70', '2014-09-20 12:26:50', '何厚铧'), ('330', '101', '70', '73', '2014-09-20 12:28:10', 'u 有'), ('331', '101', '73', '70', '2014-09-20 12:28:24', '更好'), ('332', '101', '70', '73', '2014-09-20 12:28:50', '又热'), ('333', '101', '73', '70', '2014-09-20 12:29:18', '骨灰盒'), ('334', '101', '73', '70', '2014-09-20 12:31:41', '黄家驹'), ('335', '101', '73', '70', '2014-09-20 12:32:25', '快捷键'), ('336', '101', '73', '70', '2014-09-20 12:32:34', 'ui'), ('337', '101', '70', '73', '2014-09-20 12:32:39', '也'), ('338', '101', '70', '73', '2014-09-20 12:32:43', '回复的'), ('339', '101', '73', '70', '2014-09-20 12:32:47', 'i 快看看'), ('340', '97', '73', '70', '2014-09-20 12:33:01', '健康'), ('341', '97', '73', '70', '2014-09-20 12:33:15', '将加快'), ('342', '97', '70', '73', '2014-09-20 12:33:19', '回答说'), ('343', '101', '73', '70', '2014-09-20 12:33:56', '看见'), ('344', '101', '70', '73', '2014-09-20 12:34:01', '静候'), ('345', '97', '73', '70', '2014-09-20 12:34:21', '回家看'), ('346', '97', '70', '73', '2014-09-20 12:34:25', '不是说'), ('347', '97', '73', '70', '2014-09-20 12:34:36', '打广告'), ('348', '97', '73', '70', '2014-09-20 12:36:31', '黄家驹'), ('349', '97', '73', '70', '2014-09-20 12:41:42', '国家级'), ('350', '97', '73', '70', '2014-09-20 12:43:02', '结婚'), ('351', '97', '73', '70', '2014-09-20 12:44:25', 'iu'), ('352', '97', '73', '70', '2014-09-20 12:45:36', '的关怀'), ('353', '97', '73', '70', '2014-09-20 12:47:49', '就解决'), ('354', '97', '73', '70', '2014-09-20 12:48:30', '事实上'), ('355', '97', '73', '70', '2014-09-20 12:56:27', '黄家驹发'), ('356', '97', '73', '70', '2014-09-20 12:57:30', '看看看'), ('357', '97', '73', '70', '2014-09-20 12:58:35', '拍拍拍'), ('358', '97', '73', '70', '2014-09-20 13:02:03', '淡淡的'), ('359', '101', '73', '70', '2014-09-20 13:02:37', '两路口'), ('360', '97', '73', '70', '2014-09-20 13:04:00', '刚刚'), ('361', '97', '73', '70', '2014-09-20 13:05:32', '浏览量'), ('362', '97', '73', '70', '2014-09-20 13:06:50', '你奶奶'), ('363', '97', '73', '73', '2014-09-20 13:06:59', '静候'), ('364', '97', '73', '73', '2014-09-20 13:07:07', '参加大会'), ('365', '97', '73', '70', '2014-09-20 13:07:14', '发广告'), ('366', '97', '73', '73', '2014-09-20 13:07:21', '脚后跟'), ('367', '97', '73', '73', '2014-09-20 13:07:34', '拍拍拍'), ('368', '97', '70', '73', '2014-09-20 13:08:12', '电话号'), ('369', '97', '70', '73', '2014-09-20 13:08:32', '具有'), ('370', '97', '73', '70', '2014-09-20 13:08:47', '脚后跟也'), ('371', '97', '73', '73', '2014-09-20 13:08:59', '风格换'), ('372', '97', '73', '70', '2014-09-20 13:09:53', '结婚高峰'), ('373', '97', '70', '73', '2014-09-20 13:10:04', '官方'), ('374', '97', '73', '70', '2014-09-20 13:11:19', '阿萨德的'), ('375', '97', '70', '73', '2014-09-20 13:11:29', '可恢复'), ('376', '97', '73', '70', '2014-09-20 13:14:58', '宝宝吧'), ('377', '97', '73', '70', '2014-09-20 13:15:42', '常常吃'), ('378', '97', '73', '70', '2014-09-20 13:16:34', '的地方'), ('379', '97', '70', '73', '2014-09-20 13:16:44', '减肥的'), ('380', '97', '70', '73', '2014-09-20 13:16:47', '容易'), ('381', '101', '70', '73', '2014-09-20 13:17:09', 'v 健康'), ('382', '101', '73', '70', '2014-09-20 13:17:25', 'v 不能新的'), ('383', '101', '73', '70', '2014-09-20 13:17:37', '为二人'), ('384', '101', '73', '70', '2014-09-20 13:18:35', '将结果'), ('385', '101', '73', '70', '2014-09-20 13:20:22', '破译'), ('386', '101', '73', '70', '2014-09-20 13:23:55', '国际'), ('387', '97', '73', '70', '2014-09-20 13:24:23', '很坎坷'), ('388', '97', '70', '73', '2014-09-20 13:24:36', '回复的'), ('389', '97', '73', '70', '2014-09-20 13:24:43', '法规和'), ('390', '101', '73', '70', '2014-09-20 13:25:02', '感觉吗'), ('391', '101', '70', '73', '2014-09-20 13:25:13', '想回家'), ('392', '101', '73', '70', '2014-09-20 13:25:36', '具有');
INSERT INTO `sdan_chat` VALUES ('393', '100', '81', '78', '2014-09-20 16:46:27', '我也能做'), ('394', '102', '85', '81', '2014-09-21 13:40:11', '请问请问请问'), ('395', '98', '86', '73', '2014-09-21 17:20:32', ''), ('396', '102', '73', '81', '2014-09-22 09:45:09', '你好'), ('397', '102', '73', '81', '2014-09-22 12:55:34', '你好'), ('398', '101', '70', '73', '2014-09-23 16:36:40', '嗯'), ('399', '101', '73', '70', '2014-09-25 17:31:47', '呢'), ('400', '101', '73', '70', '2014-09-25 17:32:06', 'nh'), ('401', '101', '70', '73', '2014-09-29 10:20:29', '试试'), ('402', '106', '73', '70', '2014-09-29 20:03:40', '我做吧'), ('403', '106', '70', '73', '2014-09-29 20:04:16', '利率多少'), ('404', '106', '73', '70', '2014-09-29 20:11:00', '11左右'), ('405', '108', '70', '73', '2014-09-30 09:32:06', '我能做'), ('406', '108', '73', '70', '2014-09-30 09:33:28', '几个点？'), ('407', '108', '70', '73', '2014-09-30 09:34:03', '电话说吧'), ('408', '108', '70', '73', '2014-09-30 09:40:49', '恩'), ('409', '109', '73', '70', '2014-09-30 09:52:51', '你好啊'), ('410', '109', '70', '73', '2014-09-30 09:53:45', '能做？'), ('411', '109', '70', '73', '2014-09-30 09:53:45', ''), ('412', '109', '70', '73', '2014-09-30 09:54:21', '多少');
COMMIT;

-- ----------------------------
-- Table structure for `sdan_chat_user`
-- ----------------------------
DROP TABLE IF EXISTS `sdan_chat_user`;
CREATE TABLE `sdan_chat_user` (
`id`  int(11) NOT NULL AUTO_INCREMENT ,
`sdanid`  varchar(255) CHARACTER SET gbk COLLATE gbk_bin NULL DEFAULT NULL ,
`seid`  varchar(255) CHARACTER SET gbk COLLATE gbk_bin NULL DEFAULT NULL ,
`reid`  varchar(255) CHARACTER SET gbk COLLATE gbk_bin NULL DEFAULT NULL ,
`regtime`  datetime NULL DEFAULT NULL ,
`lastcontent`  varchar(3000) CHARACTER SET gbk COLLATE gbk_bin NULL DEFAULT NULL ,
PRIMARY KEY (`id`)
)
ENGINE=InnoDB
DEFAULT CHARACTER SET=gbk COLLATE=gbk_bin
/*!50003 AUTO_INCREMENT=98 */

;

-- ----------------------------
-- Records of sdan_chat_user
-- ----------------------------
BEGIN;
INSERT INTO `sdan_chat_user` VALUES ('68', '94', '', '73', '2014-09-17 11:47:03', '有其他费用没？'), ('69', '95', '', '70', '2014-09-18 14:57:22', '哦哦'), ('70', '95', null, '73', '2014-09-18 14:57:22', '哦哦'), ('71', '96', '', '70', '2014-09-18 10:45:15', '你好'), ('72', '95', '', '77', '2014-09-18 14:57:22', '哦哦'), ('73', '99', '', '73', '2014-09-18 16:56:39', '底点多少'), ('74', '99', null, '77', '2014-09-18 16:56:39', '底点多少'), ('75', '95', '', '78', '2014-09-19 10:30:49', '底点2.2'), ('76', '98', '', '78', '2014-09-20 10:43:29', '你好'), ('77', '97', '', '78', '2014-09-20 13:24:43', '法规和'), ('78', '96', '', '78', '2014-09-19 10:32:06', '55天？'), ('79', '100', '', '73', '2014-09-19 10:55:41', '好，电话吧'), ('80', '100', null, '78', '2014-09-19 10:55:41', '好，电话吧'), ('81', '101', '', '78', '2014-09-29 10:20:29', '试试'), ('82', '101', '', '73', '2014-09-29 10:20:29', '试试'), ('83', '97', '', '70', '2014-09-20 13:24:43', '法规和'), ('84', '101', null, '70', '2014-09-29 10:20:29', '试试'), ('85', '98', '', '76', '2014-09-20 10:43:29', '你好'), ('86', '97', null, '73', '2014-09-20 13:24:43', '法规和'), ('87', '98', null, '73', '2014-09-20 10:43:29', '你好'), ('88', '100', '', '81', '2014-09-20 16:46:27', '我也能做'), ('89', '102', '', '85', '2014-09-21 13:40:11', '请问请问请问'), ('90', '98', '', '86', '2014-09-21 17:20:32', ''), ('91', '102', '', '73', '2014-09-22 09:45:09', '你好'), ('92', '102', null, '81', '2014-09-22 12:55:34', '你好'), ('93', '106', '', '73', '2014-09-29 20:04:16', '利率多少'), ('94', '106', null, '70', '2014-09-29 20:11:00', '11左右'), ('95', '108', '', '70', '2014-09-30 09:40:49', '恩'), ('96', '108', null, '73', '2014-09-30 09:40:49', '恩'), ('97', '109', '', '73', '2014-09-30 09:54:21', '多少');
COMMIT;

-- ----------------------------
-- Table structure for `sdan_message`
-- ----------------------------
DROP TABLE IF EXISTS `sdan_message`;
CREATE TABLE `sdan_message` (
`id`  int(11) NOT NULL AUTO_INCREMENT ,
`sdanid`  varchar(255) CHARACTER SET gbk COLLATE gbk_bin NULL DEFAULT NULL COMMENT '发起人姓名' ,
`uid`  varchar(255) CHARACTER SET gbk COLLATE gbk_bin NULL DEFAULT NULL COMMENT '电话' ,
`regtime`  datetime NULL DEFAULT NULL COMMENT '时间' ,
`message`  varchar(12000) CHARACTER SET gbk COLLATE gbk_bin NULL DEFAULT NULL COMMENT '接单者列表' ,
`u_name`  varchar(255) CHARACTER SET gbk COLLATE gbk_bin NULL DEFAULT NULL COMMENT '电话' ,
`kpno`  varchar(255) CHARACTER SET gbk COLLATE gbk_bin NULL DEFAULT NULL COMMENT '电话' ,
`avatar`  varchar(255) CHARACTER SET gbk COLLATE gbk_bin NULL DEFAULT NULL COMMENT '电话' ,
PRIMARY KEY (`id`)
)
ENGINE=InnoDB
DEFAULT CHARACTER SET=gbk COLLATE=gbk_bin
/*!50003 AUTO_INCREMENT=152 */

;

-- ----------------------------
-- Records of sdan_message
-- ----------------------------
BEGIN;
INSERT INTO `sdan_message` VALUES ('131', '94', '73', '2014-09-17 11:45:50', '我能做，给你一个点底点，高出全返，40天没问题', '高峰', '60', ''), ('132', '95', '70', '2014-09-17 12:15:12', '底点2', '高天宇', '75', '140917110922.jpg'), ('133', '96', '70', '2014-09-18 10:45:15', '你好', '天宇', '77', '140918101913.jpg'), ('134', '95', '77', '2014-09-18 14:31:09', '我能做', '任梦涵', '62', '140918094818.jpg'), ('135', '99', '73', '2014-09-18 15:55:18', '我能做', '高峰', '66', '140918104046.jpg'), ('136', '95', '78', '2014-09-19 10:30:49', '底点2.2', '彭骏', '61', '140918100805.jpg'), ('137', '98', '78', '2014-09-19 10:31:22', '这个我能接', '彭骏', '61', '140918100805.jpg'), ('138', '97', '78', '2014-09-19 10:31:44', '你好', '彭骏', '61', '140918100805.jpg'), ('139', '96', '78', '2014-09-19 10:32:06', '55天？', '彭骏', '61', '140918100805.jpg'), ('140', '100', '73', '2014-09-19 10:52:47', '我能做', '高峰', '67', '140918104046.jpg'), ('141', '101', '78', '2014-09-19 11:06:48', '要不要走银行？', '彭骏', '61', '140918100805.jpg'), ('142', '101', '73', '2014-09-19 15:48:21', '我能接不？哥们', '高峰', '67', '140918104046.jpg'), ('143', '97', '70', '2014-09-20 10:22:59', '你好', '天宇', '77', '140918172151.jpg'), ('144', '98', '76', '2014-09-20 10:42:32', '你好，我能做', '王凯', '62', '140918093921.jpg'), ('145', '100', '81', '2014-09-20 16:46:27', '我也能做', '游龙刚', '62', '140918105705.jpg'), ('146', '102', '85', '2014-09-21 13:40:11', '请问请问请问', '', '60', ''), ('147', '98', '86', '2014-09-21 17:20:32', '', '郑颖兰', '60', ''), ('148', '102', '73', '2014-09-22 09:45:09', '你好', '高峰', '68', '140918104046.jpg'), ('149', '106', '73', '2014-09-29 20:03:40', '我做吧', '高峰', '68', '140918104046.jpg'), ('150', '108', '70', '2014-09-30 09:32:06', '我能做', '天宇', '94', '140918172151.jpg'), ('151', '109', '73', '2014-09-30 09:52:51', '你好啊', '高峰', '68', '140918104046.jpg');
COMMIT;

-- ----------------------------
-- Table structure for `suggest`
-- ----------------------------
DROP TABLE IF EXISTS `suggest`;
CREATE TABLE `suggest` (
`id`  int(11) NOT NULL AUTO_INCREMENT ,
`txt`  varchar(255) CHARACTER SET gbk COLLATE gbk_bin NULL DEFAULT NULL ,
`regtime`  datetime NULL DEFAULT NULL ,
PRIMARY KEY (`id`)
)
ENGINE=InnoDB
DEFAULT CHARACTER SET=gbk COLLATE=gbk_bin
/*!50003 AUTO_INCREMENT=1 */

;

-- ----------------------------
-- Records of suggest
-- ----------------------------
BEGIN;
COMMIT;

-- ----------------------------
-- Table structure for `tousu`
-- ----------------------------
DROP TABLE IF EXISTS `tousu`;
CREATE TABLE `tousu` (
`id`  int(11) NOT NULL AUTO_INCREMENT ,
`seid`  varchar(255) CHARACTER SET gbk COLLATE gbk_bin NULL DEFAULT NULL ,
`reid`  varchar(255) CHARACTER SET gbk COLLATE gbk_bin NULL DEFAULT NULL ,
`regtime`  datetime NULL DEFAULT NULL ,
`content`  varchar(2000) CHARACTER SET gbk COLLATE gbk_bin NULL DEFAULT NULL ,
`type`  varchar(1) CHARACTER SET gbk COLLATE gbk_bin NULL DEFAULT NULL ,
PRIMARY KEY (`id`)
)
ENGINE=InnoDB
DEFAULT CHARACTER SET=gbk COLLATE=gbk_bin
/*!50003 AUTO_INCREMENT=20 */

;

-- ----------------------------
-- Records of tousu
-- ----------------------------
BEGIN;
INSERT INTO `tousu` VALUES ('18', '73', '70', '2014-09-17 11:49:55', '靠谱', '1'), ('19', '77', '70', '2014-09-29 19:21:02', '举报此人', '1');
COMMIT;

-- ----------------------------
-- Table structure for `user`
-- ----------------------------
DROP TABLE IF EXISTS `user`;
CREATE TABLE `user` (
`id`  int(11) NOT NULL AUTO_INCREMENT ,
`u_name`  varchar(255) CHARACTER SET gbk COLLATE gbk_bin NULL DEFAULT NULL ,
`u_pwd`  varchar(255) CHARACTER SET gbk COLLATE gbk_bin NULL DEFAULT NULL ,
`regtime`  datetime NULL DEFAULT NULL ,
`phone`  varchar(255) CHARACTER SET gbk COLLATE gbk_bin NULL DEFAULT NULL ,
`company`  varchar(255) CHARACTER SET gbk COLLATE gbk_bin NULL DEFAULT NULL ,
`kpno`  int(11) NULL DEFAULT NULL ,
`address`  varchar(255) CHARACTER SET gbk COLLATE gbk_bin NULL DEFAULT NULL ,
`sex`  varchar(255) CHARACTER SET gbk COLLATE gbk_bin NULL DEFAULT NULL ,
`old`  varchar(255) CHARACTER SET gbk COLLATE gbk_bin NULL DEFAULT NULL ,
`area`  varchar(255) CHARACTER SET gbk COLLATE gbk_bin NULL DEFAULT NULL ,
`keyword`  varchar(255) CHARACTER SET gbk COLLATE gbk_bin NULL DEFAULT NULL ,
`industy`  varchar(255) CHARACTER SET gbk COLLATE gbk_bin NULL DEFAULT NULL ,
`business`  varchar(255) CHARACTER SET gbk COLLATE gbk_bin NULL DEFAULT NULL ,
`dan_count`  varchar(255) CHARACTER SET gbk COLLATE gbk_bin NULL DEFAULT NULL ,
`year`  varchar(255) CHARACTER SET gbk COLLATE gbk_bin NULL DEFAULT NULL ,
`cont`  varchar(255) CHARACTER SET gbk COLLATE gbk_bin NULL DEFAULT NULL ,
`lnglat`  varchar(255) CHARACTER SET gbk COLLATE gbk_bin NULL DEFAULT NULL ,
`followcount`  varchar(255) CHARACTER SET gbk COLLATE gbk_bin NULL DEFAULT NULL ,
`followmecount`  varchar(255) CHARACTER SET gbk COLLATE gbk_bin NULL DEFAULT NULL ,
`followbothcount`  varchar(255) CHARACTER SET gbk COLLATE gbk_bin NULL DEFAULT NULL ,
`follow_list`  varchar(255) CHARACTER SET gbk COLLATE gbk_bin NULL DEFAULT NULL ,
`avatar`  varchar(255) CHARACTER SET gbk COLLATE gbk_bin NULL DEFAULT NULL ,
`logtime`  datetime NULL DEFAULT NULL ,
`lng`  varchar(255) CHARACTER SET gbk COLLATE gbk_bin NULL DEFAULT NULL ,
`lat`  varchar(255) CHARACTER SET gbk COLLATE gbk_bin NULL DEFAULT NULL ,
`alert`  varchar(1) CHARACTER SET gbk COLLATE gbk_bin NULL DEFAULT '1' ,
`locat`  varchar(1) CHARACTER SET gbk COLLATE gbk_bin NULL DEFAULT '1' ,
`alert2`  varchar(1) CHARACTER SET gbk COLLATE gbk_bin NULL DEFAULT '1' ,
PRIMARY KEY (`id`)
)
ENGINE=InnoDB
DEFAULT CHARACTER SET=gbk COLLATE=gbk_bin
/*!50003 AUTO_INCREMENT=117 */

;

-- ----------------------------
-- Records of user
-- ----------------------------
BEGIN;
INSERT INTO `user` VALUES ('70', '天宇', 'pppppp', '2014-09-17 09:11:18', '13466754325', '独立投资', '79', '北京海淀区', '1', '32', '北京 海淀', '直投/高质量贷款直户资源', '其他', '其他 ', '0', '1', '闲散资金直投，来自机构的贷款直户资源', null, '1', '0', '-1', '|13370176399', '140918172151.jpg', '2014-10-08 10:17:55', '116.3621', '39.994053', '1', '1', '1'), ('71', '宏杰', 'pppppp', '2014-09-17 10:15:08', '18610668688', '中国银行', '77', '西城区复兴门内大街一号', '1', '30', '北京 西城', '信用类资金业务', '银行', '银行信用贷款  信用卡  ', '0', '6', '总行六年从业经验', null, '0', '0', '0', '', '141008102251.jpg', '2014-10-09 16:02:30', '116.3433', '39.84134', '1', '1', '1'), ('73', '高峰', 'pppppp', '2014-09-17 11:32:20', '18610079117', '华信', '68', '北京朝阳国贸财富中心30层', '1', '26', '北京 朝阳', '银行抵押贷款底点1，可操作200万以上', '担保', '银行抵押贷款  银行信用贷款  房产质押  ', '0', '5', '银行抵押贷款底点1，返点给力', null, '0', '0', '0', '', '140918104046.jpg', '2014-10-08 15:19:42', '116.345825', '39.841164', '1', '1', '1'), ('75', '龚若楠', '447665', '2014-09-17 14:52:39', '18311447665', '中天质押', '61', '朝阳区安定路33号', '0', '23', '北京 朝阳', '质押2%高出全返，垫资10天1', '担保', '银行抵押贷款 银行信用贷款 房产质押 ', '0', '1', '质押全2.5返0.5，分2.5，5000万以下、8成当天放款。垫资多家银行直接合作，效率灵活10天1！银行抵押，公司基础业务，让利大家，消费贷无上限，服务费可返50%！', null, '0', '0', '0', '', '140918092135.jpg', null, '', '', '1', '1', '1'), ('76', '王凯', '179005', '2014-09-17 14:52:39', '18811179005', '中荣华业', '62', '丰台东方庄六号', '1', '23', '北京 丰台', '豪车质押，2小时放款，押车月月返，不含糊', '担保', '车辆质押 ', '0', '2', '京牌押车押手续2                                       京牌车只押手续3                                      公司名下车                                                外地车                                                      主做豪车 ，放评估值的70％～130％        节假日正常放款', null, '0', '0', '0', '', '140918093921.jpg', null, '', '', '1', '1', '1'), ('77', '任梦涵', '176399', '2014-09-17 14:52:39', '13370176399', '中泽', '74', '丰台镇国寺北街恋日嘉园底商', '0', '23', '北京 丰台', '质押月月10%提成加月月返点', '担保', '房产质押 ', '1', '1', '公司资金丰厚着急放款主做质押。现在同行合作月月10%提成加月月返点，可直接挂兼职。', null, '0', '1', '0', '', '140918094818.jpg', '2014-09-29 19:19:23', '120.451', '37.65967', '1', '1', '1'), ('78', '彭骏', '272188', '2014-09-17 14:52:39', '13701272188', '宝瑞通典当行', '61', '阜成门外大街6号', '1', '25', '北京 西城', '房车质押返点够给力', '其他', '房产质押 车辆质押 ', '0', '3', '公司主做大额房产质押（个人、公司名下 :普住 商业 土地 厂房 平房 四合院），全2.5分3。可接转单，市值7成放款，底点也可一次性返收入15%，加点最高4，高出月月返', null, '0', '0', '0', '', '140918100805.jpg', '2014-09-29 19:17:59', '120.451', '37.65971', '1', '1', '1'), ('79', '阿哲', '129299', '2014-09-17 14:52:39', '18310129299', '厚泽担保', '60', '朝阳区通联大厦一层', '1', '26', '北京 朝阳', '房产质押返点给力', '担保', '房产质押 ', '0', '3', '返点给力，月月返', null, '0', '0', '0', '', '140918103025.jpg', '2014-09-29 19:18:53', '120.4511', '37.6596', '1', '1', '1'), ('81', '游龙刚', '18510510168', '2014-09-18 10:52:05', '18510510168', '华信金融', '64', null, '1', '26', '北京 朝阳区', '银行抵押，银行信用', '担保', '银行抵押贷款  银行信用贷款  ', '0', '2', '银行抵押消费贷\n1.年费用4.56％\n2.最高100万\n3.最长4年\n4.等额本息还款\n\n银行信用贷\n1.最高100万\n2.最长10年\n3.日息万分之5\n4.先息后本', null, '0', '0', '0', '', '140918105705.jpg', null, '', '', '1', '1', '1'), ('82', '', 'wjnjucaicun', '2014-09-19 05:57:40', '15801248719', null, '60', null, null, null, null, null, null, null, '0', null, null, null, '0', '0', '0', '', null, null, '', '', '1', '1', '1'), ('83', '黄伟涛', 'wo19930202*.jpg', '2014-09-19 14:03:54', '13261422171', '智信朴华', '61', null, '1', '21', '北京 朝阳', '银行抵押贷  信用贷  ', '担保', '银行抵押贷款  银行信用贷款  ', '0', '2', '刚从亚联财小贷公司出来没多久，目前处在学习阶段。', null, '2', '1', '1', '|13370176399|18510510168', '140919171422.jpg', null, '', '', '1', '1', '1'), ('84', '', '123456', '2014-09-19 18:35:47', '13581724762', null, '60', null, null, null, null, null, null, null, '0', null, null, null, '0', '0', '0', '', null, null, '', '', '1', '1', '1'), ('85', '', 'aaaa', '2014-10-01 19:04:41', '18908007121', null, '60', null, null, null, null, null, null, null, '0', null, null, null, '0', '0', '0', '', null, '2014-10-01 22:42:29', '104.08999', '30.651936', '1', '1', '1'), ('86', '郑颖兰', '198604231314zxy', '2014-09-21 17:16:18', '18210013053', '利信银丰投资管理有限公司', '64', '北京市海淀区信息路1号国际科技创业园1号院2号楼304室', null, null, '北京 海淀', '主做个人，企业无抵押信用贷款', '小贷', '小额贷款  ', '0', '2', null, null, '2', '4', '2', '|18510510168|18001022213', '140921172741.jpg', '2014-10-09 09:30:41', '116.30399', '40.04598', '1', '1', '1'), ('87', '王清和', '112799', '2014-09-21 17:46:05', '18001022213', '厚泽贷', '63', '朝阳区建国路88号SOHO现代城3号楼1210', '1', '33', '北京 朝阳', '个人企业无抵押贷款', '小贷', '小额贷款  ', '0', '2', null, null, '3', '3', '3', '|18210013053|18510510168|13466754325', '140921180546.jpg', '2014-10-02 09:11:37', '101.84951', '36.58803', '1', '0', '1'), ('88', '', 'w4a9m5i2', '2014-09-29 14:35:43', '13699236865', null, '60', null, null, null, null, null, null, null, '0', null, null, null, '0', '0', '0', '', null, null, '', '', '1', '1', '1'), ('89', '范何', 'fml888', '2014-09-29 16:55:34', '18576723230', null, '60', null, null, null, null, null, null, null, '0', null, null, null, '0', '0', '0', '', null, '2014-09-29 16:56:04', '120.451', '37.65965', '1', '1', '1'), ('90', 'aaaa', 'dddddd', '2014-10-03 22:32:35', '139000000', null, '60', null, null, null, null, null, null, null, '0', null, 'bbbbb', null, '0', '0', '0', '', null, null, '0', '0', '1', '1', '1'), ('111', 'Fff', 'erregg', '2014-10-04 01:22:37', '137000000', null, '60', null, null, null, null, null, null, null, '0', null, 'Dog', null, '0', '0', '0', '', null, null, '0', '0', '1', '1', '1'), ('112', '你快乐', 'llllll', '2014-10-04 06:47:18', '13466754326', null, '60', null, null, null, null, null, null, null, '0', null, '来看看咯哦么看看集群莫粉末小心翼翼小心翼翼她雨天', null, '0', '0', '0', '', null, null, '0', '0', '1', '1', '1'), ('113', '刘锋', 'pppppp', '2014-10-04 09:25:13', '18610886555', null, '60', null, null, null, null, null, null, null, '0', null, '高息', null, '0', '0', '0', '', null, null, '0', '0', '1', '1', '1'), ('114', '大锅饭的', 'aaaa', '2014-10-07 01:16:29', '139000001', null, '60', null, null, null, null, null, null, '发挥好', '0', null, null, null, '0', '0', '0', '', null, null, '0', '0', '1', '1', '1'), ('115', 'rtyu', 'aaaa', '2014-10-07 01:18:26', '1370000', null, '60', null, null, null, null, null, null, '鹅腿也', '0', null, null, null, '0', '0', '0', '', null, null, '0', '0', '1', '1', '1'), ('116', '', '\nPassword', '2014-10-09 11:42:56', '18501217365', null, '60', null, null, null, null, null, null, null, '0', null, null, null, '0', '0', '0', '', null, null, '1', '1', '1', '1', '1');
COMMIT;

-- ----------------------------
-- Table structure for `yzm`
-- ----------------------------
DROP TABLE IF EXISTS `yzm`;
CREATE TABLE `yzm` (
`id`  int(11) NOT NULL AUTO_INCREMENT ,
`phone`  varchar(255) CHARACTER SET gbk COLLATE gbk_bin NULL DEFAULT NULL ,
`yzm`  varchar(255) CHARACTER SET gbk COLLATE gbk_bin NULL DEFAULT NULL ,
`regtime`  datetime NULL DEFAULT NULL ,
PRIMARY KEY (`id`)
)
ENGINE=InnoDB
DEFAULT CHARACTER SET=gbk COLLATE=gbk_bin
/*!50003 AUTO_INCREMENT=83 */

;

-- ----------------------------
-- Records of yzm
-- ----------------------------
BEGIN;
INSERT INTO `yzm` VALUES ('63', '13466754325', '7722', '2014-09-17 09:10:50'), ('64', '刘峰', '6365', '2014-09-17 09:39:33'), ('65', '18610668688', '4402', '2014-09-17 10:14:37'), ('66', '18310292618', '1761', '2014-09-17 11:06:35'), ('67', '18610079117', '4740', '2014-09-17 11:31:57'), ('68', '18510919882', '8004', '2014-09-17 11:35:50'), ('69', '18510510168', '5724', '2014-09-18 10:51:45'), ('70', '15801248719', '7669', '2014-09-19 05:57:11'), ('71', '13261422171', '0796', '2014-09-19 14:03:11'), ('72', '13581724762', '4965', '2014-09-19 18:35:27'), ('73', '18908007121', '8513', '2014-10-01 19:03:17'), ('74', 'xtet4321', '3004', '2014-09-21 06:52:14'), ('75', '18210013053', '3311', '2014-09-21 17:15:39'), ('76', '……18001022214', '4942', '2014-09-21 17:44:41'), ('77', '18001022213', '3316', '2014-09-21 17:45:21'), ('78', '200000', '7089', '2014-09-25 10:40:46'), ('79', '\'TEST\'', '2753', '2014-09-27 19:05:56'), ('80', '13699236865', '5763', '2014-09-29 14:35:19'), ('81', '18576723230', '6501', '2014-09-29 16:55:05'), ('82', '18501217365', '7561', '2014-10-09 11:43:52');
COMMIT;

-- ----------------------------
-- Auto increment value for `chat`
-- ----------------------------
ALTER TABLE `chat` AUTO_INCREMENT=641;

-- ----------------------------
-- Auto increment value for `chat_user`
-- ----------------------------
ALTER TABLE `chat_user` AUTO_INCREMENT=131;

-- ----------------------------
-- Auto increment value for `info`
-- ----------------------------
ALTER TABLE `info` AUTO_INCREMENT=41;

-- ----------------------------
-- Auto increment value for `jdan`
-- ----------------------------
ALTER TABLE `jdan` AUTO_INCREMENT=1;

-- ----------------------------
-- Auto increment value for `msg`
-- ----------------------------
ALTER TABLE `msg` AUTO_INCREMENT=1;

-- ----------------------------
-- Auto increment value for `party`
-- ----------------------------
ALTER TABLE `party` AUTO_INCREMENT=74;

-- ----------------------------
-- Auto increment value for `sdan`
-- ----------------------------
ALTER TABLE `sdan` AUTO_INCREMENT=110;

-- ----------------------------
-- Auto increment value for `sdan_chat`
-- ----------------------------
ALTER TABLE `sdan_chat` AUTO_INCREMENT=413;

-- ----------------------------
-- Auto increment value for `sdan_chat_user`
-- ----------------------------
ALTER TABLE `sdan_chat_user` AUTO_INCREMENT=98;

-- ----------------------------
-- Auto increment value for `sdan_message`
-- ----------------------------
ALTER TABLE `sdan_message` AUTO_INCREMENT=152;

-- ----------------------------
-- Auto increment value for `suggest`
-- ----------------------------
ALTER TABLE `suggest` AUTO_INCREMENT=1;

-- ----------------------------
-- Auto increment value for `tousu`
-- ----------------------------
ALTER TABLE `tousu` AUTO_INCREMENT=20;

-- ----------------------------
-- Auto increment value for `user`
-- ----------------------------
ALTER TABLE `user` AUTO_INCREMENT=117;

-- ----------------------------
-- Auto increment value for `yzm`
-- ----------------------------
ALTER TABLE `yzm` AUTO_INCREMENT=83;
